{"count":1,"self":432.1194496,"total":472.170421,"children":{"AgentSendState":{"count":23317,"self":1.3699253999999998,"total":1.4852322999999998,"children":{"CollectObservations":{"count":23317,"self":0.082360099999999992,"total":0.082360099999999992,"children":null},"CollectDiscreteActionMasks":{"count":23317,"self":0.0329468,"total":0.0329468,"children":null}}},"DecideAction":{"count":23317,"self":34.1339648,"total":38.413747799999996,"children":{"RayPerceptionSensor.Perceive":{"count":23317,"self":4.2797839999999994,"total":4.2797839,"children":null}}},"AgentAct":{"count":23317,"self":0.14899869999999998,"total":0.14899869999999998,"children":null}},"gauges":{"FlappyBird.CumulativeReward":{"count":8,"max":823.045837,"min":27.900074,"runningAverage":290.331268,"value":38.39997,"weightedAverage":296.46933}},"metadata":{"timer_format_version":"0.1.0","start_time_seconds":"1598789345","unity_version":"2020.1.2f1","command_line_arguments":"C:\\Program Files\\Unity\\Hub\\Editor\\2020.1.2f1\\Editor\\Unity.exe -projectpath D:\/unity projects\/Fun with AI -useHub -hubIPC -cloudEnvironment production -hubSessionId d9e68e90-ea8f-11ea-8b1a-6914486e9e8c -accessToken 5BcFhXClmFEeGwRtUtkDnRlOvd5GAr4f9k398_U2ggA00cf","communication_protocol_version":"1.0.0","com.unity.ml-agents_version":"1.0.3","scene_name":"flappyBird","end_time_seconds":"1598789817"}}